{"cameraMode":{"drawMode":0,"name":"Shaded","section":"Shading Mode"},"sceneLighting":true,"audioPlay":false,"sceneViewState":{"m_AlwaysRefresh":false,"showFog":true,"showSkybox":true,"showFlares":true,"showImageEffects":true,"showParticleSystems":true,"showVisualEffectGraphs":true,"m_FxEnabled":true},"in2DMode":false,"pivot":{"x":51.579349517822269,"y":49.36091995239258,"z":10.393341064453125},"rotation":{"x":-0.004693819209933281,"y":-0.6647977828979492,"z":0.004218837711960077,"w":-0.7470337152481079},"size":29.292776107788087,"orthographic":false}